filename,labels
withmask.0.jpeg,withmask
withmask.1.jpeg,withmask
withmask.10.jpeg,withmask
withmask.100.jpeg,withmask
withmask.101.jpeg,withmask
withmask.102.jpeg,withmask
withmask.103.jpeg,withmask
withmask.104.jpeg,withmask
withmask.105.jpeg,withmask
withmask.106.jpeg,withmask
withmask.107.jpeg,withmask
withmask.108.jpeg,withmask
withmask.109.jpeg,withmask
withmask.11.jpeg,withmask
withmask.110.jpeg,withmask
withmask.111.jpeg,withmask
withmask.112.jpeg,withmask
withmask.113.jpeg,withmask
withmask.114.jpeg,withmask
withmask.115.jpeg,withmask
withmask.116.jpeg,withmask
withmask.117.jpeg,withmask
withmask.118.jpeg,withmask
withmask.119.jpeg,withmask
withmask.12.jpeg,withmask
withmask.120.jpeg,withmask
withmask.121.jpeg,withmask
withmask.122.jpeg,withmask
withmask.123.jpeg,withmask
withmask.124.jpeg,withmask
withmask.125.jpeg,withmask
withmask.126.jpeg,withmask
withmask.127.jpeg,withmask
withmask.128.jpeg,withmask
withmask.129.jpeg,withmask
withmask.13.jpeg,withmask
withmask.130.jpeg,withmask
withmask.131.jpeg,withmask
withmask.132.jpeg,withmask
withmask.133.jpeg,withmask
withmask.134.jpeg,withmask
withmask.135.jpeg,withmask
withmask.136.jpeg,withmask
withmask.137.jpeg,withmask
withmask.138.jpeg,withmask
withmask.139.jpeg,withmask
withmask.14.jpeg,withmask
withmask.140.jpeg,withmask
withmask.141.jpeg,withmask
withmask.142.jpeg,withmask
withmask.143.jpeg,withmask
withmask.144.jpeg,withmask
withmask.145.jpeg,withmask
withmask.146.jpeg,withmask
withmask.147.jpeg,withmask
withmask.148.jpeg,withmask
withmask.149.jpeg,withmask
withmask.15.jpeg,withmask
withmask.150.jpeg,withmask
withmask.151.jpeg,withmask
withmask.152.jpeg,withmask
withmask.153.jpeg,withmask
withmask.154.jpeg,withmask
withmask.155.jpeg,withmask
withmask.156.jpeg,withmask
withmask.157.jpeg,withmask
withmask.158.jpeg,withmask
withmask.159.jpeg,withmask
withmask.16.jpeg,withmask
withmask.160.jpeg,withmask
withmask.161.jpeg,withmask
withmask.162.jpeg,withmask
withmask.163.jpeg,withmask
withmask.164.jpeg,withmask
withmask.165.jpeg,withmask
withmask.166.jpeg,withmask
withmask.167.jpeg,withmask
withmask.168.jpeg,withmask
withmask.169.jpeg,withmask
withmask.17.jpeg,withmask
withmask.170.jpeg,withmask
withmask.171.jpeg,withmask
withmask.172.jpeg,withmask
withmask.173.jpeg,withmask
withmask.174.jpeg,withmask
withmask.175.jpeg,withmask
withmask.176.jpeg,withmask
withmask.177.jpeg,withmask
withmask.178.jpeg,withmask
withmask.179.jpeg,withmask
withmask.18.jpeg,withmask
withmask.180.jpeg,withmask
withmask.181.jpeg,withmask
withmask.182.jpeg,withmask
withmask.183.jpeg,withmask
withmask.184.jpeg,withmask
withmask.185.jpeg,withmask
withmask.186.jpeg,withmask
withmask.187.jpeg,withmask
withmask.188.jpeg,withmask
withmask.189.jpeg,withmask
withmask.19.jpeg,withmask
withmask.190.jpeg,withmask
withmask.191.jpeg,withmask
withmask.192.jpeg,withmask
withmask.193.jpeg,withmask
withmask.194.jpeg,withmask
withmask.195.jpeg,withmask
withmask.196.jpeg,withmask
withmask.197.jpeg,withmask
withmask.198.jpeg,withmask
withmask.199.jpeg,withmask
withmask.2.jpeg,withmask
withmask.20.jpeg,withmask
withmask.200.jpeg,withmask
withmask.201.jpeg,withmask
withmask.202.jpeg,withmask
withmask.203.jpeg,withmask
withmask.204.jpeg,withmask
withmask.205.jpeg,withmask
withmask.206.jpeg,withmask
withmask.207.jpeg,withmask
withmask.208.jpeg,withmask
withmask.209.jpeg,withmask
withmask.21.jpeg,withmask
withmask.210.jpeg,withmask
withmask.211.jpeg,withmask
withmask.212.jpeg,withmask
withmask.213.jpeg,withmask
withmask.214.jpeg,withmask
withmask.215.jpeg,withmask
withmask.216.jpeg,withmask
withmask.217.jpeg,withmask
withmask.218.jpeg,withmask
withmask.219.jpeg,withmask
withmask.22.jpeg,withmask
withmask.220.jpeg,withmask
withmask.221.jpeg,withmask
withmask.222.jpeg,withmask
withmask.223.jpeg,withmask
withmask.224.jpeg,withmask
withmask.225.jpeg,withmask
withmask.226.jpeg,withmask
withmask.227.jpeg,withmask
withmask.228.jpeg,withmask
withmask.229.jpeg,withmask
withmask.23.jpeg,withmask
withmask.230.jpeg,withmask
withmask.231.jpeg,withmask
withmask.232.jpeg,withmask
withmask.233.jpeg,withmask
withmask.234.jpeg,withmask
withmask.235.jpeg,withmask
withmask.236.jpeg,withmask
withmask.237.jpeg,withmask
withmask.238.jpeg,withmask
withmask.239.jpeg,withmask
withmask.24.jpeg,withmask
withmask.240.jpeg,withmask
withmask.241.jpeg,withmask
withmask.242.jpeg,withmask
withmask.243.jpeg,withmask
withmask.244.jpeg,withmask
withmask.245.jpeg,withmask
withmask.246.jpeg,withmask
withmask.247.jpeg,withmask
withmask.248.jpeg,withmask
withmask.249.jpeg,withmask
withmask.25.jpeg,withmask
withmask.250.jpeg,withmask
withmask.251.jpeg,withmask
withmask.252.jpeg,withmask
withmask.253.jpeg,withmask
withmask.254.jpeg,withmask
withmask.255.jpeg,withmask
withmask.256.jpeg,withmask
withmask.257.jpeg,withmask
withmask.258.jpeg,withmask
withmask.259.jpeg,withmask
withmask.26.jpeg,withmask
withmask.260.jpeg,withmask
withmask.261.jpeg,withmask
withmask.262.jpeg,withmask
withmask.263.jpeg,withmask
withmask.264.jpeg,withmask
withmask.265.jpeg,withmask
withmask.266.jpeg,withmask
withmask.267.jpeg,withmask
withmask.268.jpeg,withmask
withmask.269.jpeg,withmask
withmask.27.jpeg,withmask
withmask.270.jpeg,withmask
withmask.271.jpeg,withmask
withmask.272.jpeg,withmask
withmask.273.jpeg,withmask
withmask.274.jpeg,withmask
withmask.275.jpeg,withmask
withmask.276.jpeg,withmask
withmask.277.jpeg,withmask
withmask.278.jpeg,withmask
withmask.279.jpeg,withmask
withmask.28.jpeg,withmask
withmask.280.jpeg,withmask
withmask.281.jpeg,withmask
withmask.282.jpeg,withmask
withmask.283.jpeg,withmask
withmask.284.jpeg,withmask
withmask.285.jpeg,withmask
withmask.286.jpeg,withmask
withmask.287.jpeg,withmask
withmask.288.jpeg,withmask
withmask.289.jpeg,withmask
withmask.29.jpeg,withmask
withmask.290.jpeg,withmask
withmask.291.jpeg,withmask
withmask.292.jpeg,withmask
withmask.293.jpeg,withmask
withmask.3.jpeg,withmask
withmask.30.jpeg,withmask
withmask.31.jpeg,withmask
withmask.32.jpeg,withmask
withmask.33.jpeg,withmask
withmask.34.jpeg,withmask
withmask.35.jpeg,withmask
withmask.36.jpeg,withmask
withmask.37.jpeg,withmask
withmask.38.jpeg,withmask
withmask.39.jpeg,withmask
withmask.4.jpeg,withmask
withmask.40.jpeg,withmask
withmask.41.jpeg,withmask
withmask.42.jpeg,withmask
withmask.43.jpeg,withmask
withmask.44.jpeg,withmask
withmask.45.jpeg,withmask
withmask.46.jpeg,withmask
withmask.47.jpeg,withmask
withmask.48.jpeg,withmask
withmask.49.jpeg,withmask
withmask.5.jpeg,withmask
withmask.50.jpeg,withmask
withmask.51.jpeg,withmask
withmask.52.jpeg,withmask
withmask.53.jpeg,withmask
withmask.54.jpeg,withmask
withmask.55.jpeg,withmask
withmask.56.jpeg,withmask
withmask.57.jpeg,withmask
withmask.58.jpeg,withmask
withmask.59.jpeg,withmask
withmask.6.jpeg,withmask
withmask.60.jpeg,withmask
withmask.61.jpeg,withmask
withmask.62.jpeg,withmask
withmask.63.jpeg,withmask
withmask.64.jpeg,withmask
withmask.65.jpeg,withmask
withmask.66.jpeg,withmask
withmask.67.jpeg,withmask
withmask.68.jpeg,withmask
withmask.69.jpeg,withmask
withmask.7.jpeg,withmask
withmask.70.jpeg,withmask
withmask.71.jpeg,withmask
withmask.72.jpeg,withmask
withmask.73.jpeg,withmask
withmask.74.jpeg,withmask
withmask.75.jpeg,withmask
withmask.76.jpeg,withmask
withmask.77.jpeg,withmask
withmask.78.jpeg,withmask
withmask.79.jpeg,withmask
withmask.8.jpeg,withmask
withmask.80.jpeg,withmask
withmask.81.jpeg,withmask
withmask.82.jpeg,withmask
withmask.83.jpeg,withmask
withmask.84.jpeg,withmask
withmask.85.jpeg,withmask
withmask.86.jpeg,withmask
withmask.87.jpeg,withmask
withmask.88.jpeg,withmask
withmask.89.jpeg,withmask
withmask.9.jpeg,withmask
withmask.90.jpeg,withmask
withmask.91.jpeg,withmask
withmask.92.jpeg,withmask
withmask.93.jpeg,withmask
withmask.94.jpeg,withmask
withmask.95.jpeg,withmask
withmask.96.jpeg,withmask
withmask.97.jpeg,withmask
withmask.98.jpeg,withmask
withmask.99.jpeg,withmask
withoutmask.0.jpeg,withoutmask
withoutmask.1.jpeg,withoutmask
withoutmask.10.jpeg,withoutmask
withoutmask.100.jpeg,withoutmask
withoutmask.101.jpeg,withoutmask
withoutmask.102.jpeg,withoutmask
withoutmask.103.jpeg,withoutmask
withoutmask.104.jpeg,withoutmask
withoutmask.105.jpeg,withoutmask
withoutmask.106.jpeg,withoutmask
withoutmask.107.jpeg,withoutmask
withoutmask.108.jpeg,withoutmask
withoutmask.109.jpeg,withoutmask
withoutmask.11.jpeg,withoutmask
withoutmask.110.jpeg,withoutmask
withoutmask.111.jpeg,withoutmask
withoutmask.112.jpeg,withoutmask
withoutmask.113.jpeg,withoutmask
withoutmask.114.jpeg,withoutmask
withoutmask.115.jpeg,withoutmask
withoutmask.116.jpeg,withoutmask
withoutmask.117.jpeg,withoutmask
withoutmask.118.jpeg,withoutmask
withoutmask.119.jpeg,withoutmask
withoutmask.12.jpeg,withoutmask
withoutmask.120.jpeg,withoutmask
withoutmask.121.jpeg,withoutmask
withoutmask.122.jpeg,withoutmask
withoutmask.123.jpeg,withoutmask
withoutmask.124.jpeg,withoutmask
withoutmask.125.jpeg,withoutmask
withoutmask.126.jpeg,withoutmask
withoutmask.127.jpeg,withoutmask
withoutmask.128.jpeg,withoutmask
withoutmask.129.jpeg,withoutmask
withoutmask.13.jpeg,withoutmask
withoutmask.130.jpeg,withoutmask
withoutmask.131.jpeg,withoutmask
withoutmask.132.jpeg,withoutmask
withoutmask.133.jpeg,withoutmask
withoutmask.134.jpeg,withoutmask
withoutmask.135.jpeg,withoutmask
withoutmask.136.jpeg,withoutmask
withoutmask.137.jpeg,withoutmask
withoutmask.138.jpeg,withoutmask
withoutmask.139.jpeg,withoutmask
withoutmask.14.jpeg,withoutmask
withoutmask.140.jpeg,withoutmask
withoutmask.141.jpeg,withoutmask
withoutmask.142.jpeg,withoutmask
withoutmask.143.jpeg,withoutmask
withoutmask.144.jpeg,withoutmask
withoutmask.145.jpeg,withoutmask
withoutmask.146.jpeg,withoutmask
withoutmask.147.jpeg,withoutmask
withoutmask.148.jpeg,withoutmask
withoutmask.149.jpeg,withoutmask
withoutmask.15.jpeg,withoutmask
withoutmask.150.jpeg,withoutmask
withoutmask.151.jpeg,withoutmask
withoutmask.152.jpeg,withoutmask
withoutmask.153.jpeg,withoutmask
withoutmask.154.jpeg,withoutmask
withoutmask.155.jpeg,withoutmask
withoutmask.156.jpeg,withoutmask
withoutmask.157.jpeg,withoutmask
withoutmask.158.jpeg,withoutmask
withoutmask.159.jpeg,withoutmask
withoutmask.16.jpeg,withoutmask
withoutmask.160.jpeg,withoutmask
withoutmask.161.jpeg,withoutmask
withoutmask.162.jpeg,withoutmask
withoutmask.163.jpeg,withoutmask
withoutmask.164.jpeg,withoutmask
withoutmask.165.jpeg,withoutmask
withoutmask.166.jpeg,withoutmask
withoutmask.167.jpeg,withoutmask
withoutmask.168.jpeg,withoutmask
withoutmask.169.jpeg,withoutmask
withoutmask.17.jpeg,withoutmask
withoutmask.170.jpeg,withoutmask
withoutmask.171.jpeg,withoutmask
withoutmask.172.jpeg,withoutmask
withoutmask.173.jpeg,withoutmask
withoutmask.174.jpeg,withoutmask
withoutmask.175.jpeg,withoutmask
withoutmask.176.jpeg,withoutmask
withoutmask.177.jpeg,withoutmask
withoutmask.178.jpeg,withoutmask
withoutmask.179.jpeg,withoutmask
withoutmask.18.jpeg,withoutmask
withoutmask.180.jpeg,withoutmask
withoutmask.181.jpeg,withoutmask
withoutmask.182.jpeg,withoutmask
withoutmask.183.jpeg,withoutmask
withoutmask.184.jpeg,withoutmask
withoutmask.185.jpeg,withoutmask
withoutmask.186.jpeg,withoutmask
withoutmask.187.jpeg,withoutmask
withoutmask.188.jpeg,withoutmask
withoutmask.189.jpeg,withoutmask
withoutmask.19.jpeg,withoutmask
withoutmask.190.jpeg,withoutmask
withoutmask.191.jpeg,withoutmask
withoutmask.192.jpeg,withoutmask
withoutmask.193.jpeg,withoutmask
withoutmask.194.jpeg,withoutmask
withoutmask.195.jpeg,withoutmask
withoutmask.196.jpeg,withoutmask
withoutmask.197.jpeg,withoutmask
withoutmask.198.jpeg,withoutmask
withoutmask.199.jpeg,withoutmask
withoutmask.2.jpeg,withoutmask
withoutmask.20.jpeg,withoutmask
withoutmask.200.jpeg,withoutmask
withoutmask.201.jpeg,withoutmask
withoutmask.202.jpeg,withoutmask
withoutmask.203.jpeg,withoutmask
withoutmask.204.jpeg,withoutmask
withoutmask.205.jpeg,withoutmask
withoutmask.206.jpeg,withoutmask
withoutmask.207.jpeg,withoutmask
withoutmask.208.jpeg,withoutmask
withoutmask.209.jpeg,withoutmask
withoutmask.21.jpeg,withoutmask
withoutmask.210.jpeg,withoutmask
withoutmask.211.jpeg,withoutmask
withoutmask.212.jpeg,withoutmask
withoutmask.213.jpeg,withoutmask
withoutmask.214.jpeg,withoutmask
withoutmask.215.jpeg,withoutmask
withoutmask.216.jpeg,withoutmask
withoutmask.217.jpeg,withoutmask
withoutmask.218.jpeg,withoutmask
withoutmask.219.jpeg,withoutmask
withoutmask.22.jpeg,withoutmask
withoutmask.220.jpeg,withoutmask
withoutmask.221.jpeg,withoutmask
withoutmask.222.jpeg,withoutmask
withoutmask.223.jpeg,withoutmask
withoutmask.224.jpeg,withoutmask
withoutmask.225.jpeg,withoutmask
withoutmask.226.jpeg,withoutmask
withoutmask.227.jpeg,withoutmask
withoutmask.228.jpeg,withoutmask
withoutmask.229.jpeg,withoutmask
withoutmask.23.jpeg,withoutmask
withoutmask.230.jpeg,withoutmask
withoutmask.231.jpeg,withoutmask
withoutmask.232.jpeg,withoutmask
withoutmask.233.jpeg,withoutmask
withoutmask.234.jpeg,withoutmask
withoutmask.235.jpeg,withoutmask
withoutmask.236.jpeg,withoutmask
withoutmask.237.jpeg,withoutmask
withoutmask.238.jpeg,withoutmask
withoutmask.239.jpeg,withoutmask
withoutmask.24.jpeg,withoutmask
withoutmask.240.jpeg,withoutmask
withoutmask.241.jpeg,withoutmask
withoutmask.242.jpeg,withoutmask
withoutmask.243.jpeg,withoutmask
withoutmask.244.jpeg,withoutmask
withoutmask.245.jpeg,withoutmask
withoutmask.246.jpeg,withoutmask
withoutmask.247.jpeg,withoutmask
withoutmask.248.jpeg,withoutmask
withoutmask.249.jpeg,withoutmask
withoutmask.25.jpeg,withoutmask
withoutmask.250.jpeg,withoutmask
withoutmask.251.jpeg,withoutmask
withoutmask.252.jpeg,withoutmask
withoutmask.253.jpeg,withoutmask
withoutmask.254.jpeg,withoutmask
withoutmask.255.jpeg,withoutmask
withoutmask.256.jpeg,withoutmask
withoutmask.257.jpeg,withoutmask
withoutmask.258.jpeg,withoutmask
withoutmask.259.jpeg,withoutmask
withoutmask.26.jpeg,withoutmask
withoutmask.260.jpeg,withoutmask
withoutmask.261.jpeg,withoutmask
withoutmask.262.jpeg,withoutmask
withoutmask.263.jpeg,withoutmask
withoutmask.264.jpeg,withoutmask
withoutmask.265.jpeg,withoutmask
withoutmask.266.jpeg,withoutmask
withoutmask.267.jpeg,withoutmask
withoutmask.268.jpeg,withoutmask
withoutmask.269.jpeg,withoutmask
withoutmask.27.jpeg,withoutmask
withoutmask.270.jpeg,withoutmask
withoutmask.271.jpeg,withoutmask
withoutmask.272.jpeg,withoutmask
withoutmask.273.jpeg,withoutmask
withoutmask.274.jpeg,withoutmask
withoutmask.275.jpeg,withoutmask
withoutmask.276.jpeg,withoutmask
withoutmask.277.jpeg,withoutmask
withoutmask.278.jpeg,withoutmask
withoutmask.279.jpeg,withoutmask
withoutmask.28.jpeg,withoutmask
withoutmask.280.jpeg,withoutmask
withoutmask.29.jpeg,withoutmask
withoutmask.3.jpeg,withoutmask
withoutmask.30.jpeg,withoutmask
withoutmask.31.jpeg,withoutmask
withoutmask.32.jpeg,withoutmask
withoutmask.33.jpeg,withoutmask
withoutmask.34.jpeg,withoutmask
withoutmask.35.jpeg,withoutmask
withoutmask.36.jpeg,withoutmask
withoutmask.37.jpeg,withoutmask
withoutmask.38.jpeg,withoutmask
withoutmask.39.jpeg,withoutmask
withoutmask.4.jpeg,withoutmask
withoutmask.40.jpeg,withoutmask
withoutmask.41.jpeg,withoutmask
withoutmask.42.jpeg,withoutmask
withoutmask.43.jpeg,withoutmask
withoutmask.44.jpeg,withoutmask
withoutmask.45.jpeg,withoutmask
withoutmask.46.jpeg,withoutmask
withoutmask.47.jpeg,withoutmask
withoutmask.48.jpeg,withoutmask
withoutmask.49.jpeg,withoutmask
withoutmask.5.jpeg,withoutmask
withoutmask.50.jpeg,withoutmask
withoutmask.51.jpeg,withoutmask
withoutmask.52.jpeg,withoutmask
withoutmask.53.jpeg,withoutmask
withoutmask.54.jpeg,withoutmask
withoutmask.55.jpeg,withoutmask
withoutmask.56.jpeg,withoutmask
withoutmask.57.jpeg,withoutmask
withoutmask.58.jpeg,withoutmask
withoutmask.59.jpeg,withoutmask
withoutmask.6.jpeg,withoutmask
withoutmask.60.jpeg,withoutmask
withoutmask.61.jpeg,withoutmask
withoutmask.62.jpeg,withoutmask
withoutmask.63.jpeg,withoutmask
withoutmask.64.jpeg,withoutmask
withoutmask.65.jpeg,withoutmask
withoutmask.66.jpeg,withoutmask
withoutmask.67.jpeg,withoutmask
withoutmask.68.jpeg,withoutmask
withoutmask.69.jpeg,withoutmask
withoutmask.7.jpeg,withoutmask
withoutmask.70.jpeg,withoutmask
withoutmask.71.jpeg,withoutmask
withoutmask.72.jpeg,withoutmask
withoutmask.73.jpeg,withoutmask
withoutmask.74.jpeg,withoutmask
withoutmask.75.jpeg,withoutmask
withoutmask.76.jpeg,withoutmask
withoutmask.77.jpeg,withoutmask
withoutmask.78.jpeg,withoutmask
withoutmask.79.jpeg,withoutmask
withoutmask.8.jpeg,withoutmask
withoutmask.80.jpeg,withoutmask
withoutmask.81.jpeg,withoutmask
withoutmask.82.jpeg,withoutmask
withoutmask.83.jpeg,withoutmask
withoutmask.84.jpeg,withoutmask
withoutmask.85.jpeg,withoutmask
withoutmask.86.jpeg,withoutmask
withoutmask.87.jpeg,withoutmask
withoutmask.88.jpeg,withoutmask
withoutmask.89.jpeg,withoutmask
withoutmask.9.jpeg,withoutmask
withoutmask.90.jpeg,withoutmask
withoutmask.91.jpeg,withoutmask
withoutmask.92.jpeg,withoutmask
withoutmask.93.jpeg,withoutmask
withoutmask.94.jpeg,withoutmask
withoutmask.95.jpeg,withoutmask
withoutmask.96.jpeg,withoutmask
withoutmask.97.jpeg,withoutmask
withoutmask.98.jpeg,withoutmask
withoutmask.99.jpeg,withoutmask
